scenario_id,agent_id,object_type,predictor,ade,fde,angular_error_deg,uncertainty,timing_penalty_s,iape
140117c81b4ef9fb,3052,pedestrian,CV,0.3668093182947077,0.5928589167158683,3.7915451609188215,2.0,0.0,1.452816034698583
140117c81b4ef9fb,4621,cyclist,CV,0.029014369923326528,0.053269639638859057,48.60188899168169,2.0,998.6,801.965743639327
140117c81b4ef9fb,4622,cyclist,CV,0.9179870938423018,2.6641087169949267,1.1668090586418634,2.0,0.0,2.9083819052718582
140117c81b4ef9fb,4623,cyclist,CV,0.8124046286734058,2.193047540386901,1.4589987195596956,2.0,0.0,2.5818783348448413
16a8cd972084277a,4992,pedestrian,CV,3.1689371406381643,6.1780580138668455,3.2185630619172128,2.0,0.0,7.018894300667447
1870b2208fe4ade9,64,pedestrian,CV,0.5056067978002998,0.9690684344882828,32.22280707298573,2.0,0.0,3.201281368693728
1870b2208fe4ade9,65,pedestrian,CV,0.14710444380841342,0.2846980526225353,7.727798974962841,2.0,0.0,1.2758434188678232
1870b2208fe4ade9,66,pedestrian,CV,0.13524816164056827,0.19058236344649102,79.63937904433608,2.0,0.0,4.812508295580618
1870b2208fe4ade9,71,pedestrian,CV,1.4192691249159852,2.4122945056433323,16.074524042010903,2.0,0.0,4.029142579838196
1870b2208fe4ade9,141,cyclist,CV,3.7878349040110315,7.221708805803451,8.599614578016633,2.0,0.0,8.428670035813589
1870b2208fe4ade9,142,cyclist,CV,0.7888481901967849,2.548083558520439,1.2829558171791808,2.0,0.0,2.7270377603159632
1e41e4f90a5cae0a,424,pedestrian,CV,0.202591546586969,0.4145508531563631,0.6211147371907575,2.0,0.0,1.0409227100246885
1e41e4f90a5cae0a,566,cyclist,CV,1.2899898812834758,3.775855233584244,7.719911864765254,2.0,0.0,4.1639130913138604
27384099b57a800b,5490,pedestrian,CV,0.11071394498899391,0.16876619737564202,0.24019898255803512,2.0,0.0,0.8071069928047166
27384099b57a800b,5491,pedestrian,CV,0.14372759673720875,0.27459638043834483,23.21555519722973,2.0,998.8,801.0818035468178
27384099b57a800b,5492,pedestrian,CV,2.78643627354545,5.485647406264333,0.8005023078607352,2.0,0.0,6.169285092070653
27384099b57a800b,5493,pedestrian,CV,0.25030619185450376,0.8023203077187486,1.2633383796146995,2.0,0.0,1.314633264694613
2d84b1ab55ab81d3,1529,pedestrian,CV,0.03394500206580633,0.05557334324875727,18.317684857067835,2.0,997.8,799.8176159165436
2d84b1ab55ab81d3,1551,pedestrian,CV,2.9292489324122113,5.702931109008598,11.47504662018519,2.0,0.0,6.95446681792577
2d84b1ab55ab81d3,1621,cyclist,CV,4.820442648327536,11.740447676963537,166.7817620720297,2.0,0.0,19.62975459041079
2db20518212cdfeb,5560,pedestrian,CV,2.707049391067143,6.451628840328421,24.082234138531092,2.0,0.0,7.736975518157908
32275d7231509117,760,pedestrian,CV,0.23175638650604477,0.5353033773090352,0.541232778024643,2.0,0.0,1.1264697140617945
3a0389c235a0eaa1,1156,pedestrian,CV,0.3678022301579605,1.0236588849029202,4.575630350168541,2.0,0.0,1.7084131901178479
3a79684106fe2fdf,1514,pedestrian,CV,0.2746278738605522,0.6375007850470888,0.3355179967959805,2.0,0.0,1.2101541662238957
3a79684106fe2fdf,1515,pedestrian,CV,3.286800170284828,7.283398613164018,17.590220234796902,2.0,0.0,8.408010488606683
3b523aceb232aa6f,6911,pedestrian,CV,0.2705137922940464,0.3041525131997664,3.298480794818988,2.0,0.0,1.187514088634879
3b523aceb232aa6f,6942,pedestrian,CV,0.28943916863764946,0.7333057577156934,2.1961385808291634,2.0,0.0,1.3658989765369542
3b523aceb232aa6f,6994,cyclist,CV,0.7827237671275874,2.6647022888644276,1.9558407884696114,2.0,0.0,2.812866950983282
45856054906e76f1,243,cyclist,CV,0.3107637699111098,0.5896396856981847,0.2503612704992969,2.0,0.0,1.2181016762851669
4f4bbc55ef30c3ea,1467,pedestrian,CV,0.32264693515603804,0.5680192891670119,211.05848741665886,2.0,994.1,807.0395809505726
4f4bbc55ef30c3ea,1468,pedestrian,CV,0.14456425811669715,0.29081098757841595,0.8619874415270697,2.0,0.0,0.9330691239822586
4f7aa8ac2ff60093,3478,pedestrian,CV,0.31398011224033,0.5980816090928573,3.7229094907157063,2.0,0.0,1.3991663913225438
4f7aa8ac2ff60093,3482,pedestrian,CV,0.5199139303401797,1.2004309358786862,1.6607690533211446,2.0,0.0,1.80316785094558
4f7aa8ac2ff60093,3491,pedestrian,CV,0.6305374957559728,1.4651856871017555,2.9159883506859865,2.0,0.0,2.10892975684115
4f7aa8ac2ff60093,3527,pedestrian,CV,0.7048162626331279,1.441775598908559,5.4865884455461345,2.0,0.0,2.300033484364714
4f7aa8ac2ff60093,3534,pedestrian,CV,1.5688164345509514,3.174088404899847,3.523169768885392,2.0,0.0,3.9320191254451444
4f7aa8ac2ff60093,3541,pedestrian,CV,0.7796061662201191,0.93993936643376,3.037576261547309,2.0,0.0,2.0014546625143645
4f7aa8ac2ff60093,3545,pedestrian,CV,0.5547404947283203,0.8009835411416275,21.2038126569438,2.0,0.0,2.615422898146324
4f7aa8ac2ff60093,3548,pedestrian,CV,0.3129150064503195,0.9091466425569203,2.476185872389669,2.0,0.0,1.491297621348263
4f7aa8ac2ff60093,3557,pedestrian,CV,0.3612236436145612,0.6924672375737777,2.4159927907861594,2.0,0.0,1.428256901940758
4f7aa8ac2ff60093,3569,pedestrian,CV,0.18225274926732815,0.38598718900019396,3.569914470291491,2.0,998.9,800.273742067282
4f7aa8ac2ff60093,3579,pedestrian,CV,0.22236344807782235,0.5644172885702723,0.8652016410772574,2.0,0.0,1.1478321744168214
4f7aa8ac2ff60093,3590,pedestrian,CV,0.356105995771836,0.9276647469694581,3.7424056823847383,2.0,0.0,1.6070586533758018
5d6f6adb8f60a8e,4292,pedestrian,CV,0.13930055500612742,0.32922781597260903,1.6604565789870203,2.0,0.0,0.9869372919417829
5d6f6adb8f60a8e,4294,pedestrian,CV,0.14116069159039055,0.21974225282263518,1.2956812632614048,2.0,0.0,0.9158158811647783
66d2f8859f26c401,1629,pedestrian,CV,0.06382418322423593,0.12296040765928001,99.46634781209735,2.0,0.0,5.698621777658744
66d2f8859f26c401,1630,pedestrian,CV,0.02892592108710387,0.04422646702848738,60.567863394850974,2.0,997.8,801.9194323243439
66d2f8859f26c401,1631,pedestrian,CV,0.03527229735957705,0.03636990846495691,70.49632234056348,2.0,0.0,4.178273368620229
66d2f8859f26c401,1632,pedestrian,CV,0.03553492265327732,0.09285503086431103,13.804587686136113,2.0,0.0,1.3721918223922385
66d2f8859f26c401,1634,pedestrian,CV,0.6671277293346516,2.086440930137354,1.7385442249610668,2.0,0.0,2.397275405651382
66d2f8859f26c401,1665,pedestrian,CV,0.06760540814443788,0.1269205527266836,72.30754362936923,2.0,0.0,4.3464428659762415
66d2f8859f26c401,1679,pedestrian,CV,2.0931278516535583,4.934097284469119,27.14934046216649,2.0,0.0,6.517643516996443
6ea1530b289aec91,1276,pedestrian,CV,0.1245917443235478,0.2873578094367841,0.96090116548592,2.0,0.0,0.9163157073162358
6ea1530b289aec91,1277,pedestrian,CV,0.4994188382258365,1.1643381932396413,3.104183260931012,2.0,0.0,1.836797097892208
722e894fd915b4eb,1025,pedestrian,CV,0.28216905196034653,0.5799967949142428,54.59301665541881,2.0,0.0,3.9018182821884086
734c57bbbf191450,2186,pedestrian,CV,0.19748405559009286,0.4745279626711796,1.4298309711465476,2.0,0.0,1.10623958548301
750f17fb3ac9783d,2355,pedestrian,CV,0.24818683427974236,0.519573564020125,1.4026593067267816,2.0,0.0,1.1781065816261438
750f17fb3ac9783d,2385,cyclist,CV,3.3359252513233106,7.689541371959292,9.11019166769541,2.0,0.0,8.236205520687728
7a877066976dde0,1826,pedestrian,CV,1.2918936643065608,3.4927862817389776,6.729887988057089,2.0,0.0,3.974781204578904
7fcb65089a2bb672,2629,pedestrian,CV,2.8866989459705246,7.769118810423818,13.366963647310245,2.0,0.0,8.039606533547946
7fcb65089a2bb672,2630,pedestrian,CV,0.31163244533744394,1.0939750674972775,3.229140580008472,2.0,0.0,1.6200770080865063
7fcb65089a2bb672,2631,pedestrian,CV,0.5503079575450516,0.6987635046478774,2.4508914906258825,2.0,0.0,1.6222342844002844
7fcb65089a2bb672,2633,pedestrian,CV,0.41208952669507054,0.8098220664988318,22.708980265942742,2.0,0.0,2.5524495732416237
7fcb65089a2bb672,2636,pedestrian,CV,1.8203902774105265,4.152499997938259,32.812032581244715,2.0,0.0,6.137241905441892
8e8052b4f96b2199,310,pedestrian,CV,2.8448536367120516,6.981530763046987,1.1038059846208612,2.0,0.0,6.990809317466588
914f16ffef6529c5,108,pedestrian,CV,0.07005221425309333,0.14741316400046525,63.98414898310035,2.0,0.0,3.9429662454083436
914f16ffef6529c5,116,pedestrian,CV,0.10561117118079849,0.26881871438949806,15.299574737713906,2.0,0.0,1.6049992652612426
91ae85924f2177b3,216,pedestrian,CV,2.3586741050233773,6.400934001548377,23.5055270762717,2.0,0.0,7.33441745961115
9646b687f1411768,3338,pedestrian,CV,1.0267402319331547,2.2585442277531707,10.997595057210765,2.0,0.0,3.3058920986702782
9646b687f1411768,3340,pedestrian,CV,0.9828265010377006,2.305011013417252,9.101409146889992,2.0,0.0,3.1904024650908265
a067a3788873f5be,4821,pedestrian,CV,1.0451531418102389,1.3574374150528847,1.9616912459148739,2.0,0.0,2.4219564116324253
a067a3788873f5be,4835,pedestrian,CV,2.2362274599659187,4.992589077482375,7.906879088920589,2.0,0.0,5.7278659531531355
a067a3788873f5be,5049,cyclist,CV,4.827424293143208,10.955415292850654,12.151891153320639,2.0,0.0,11.512726497234567
a149237c0d9c27ea,1949,cyclist,CV,2.502329810896738,5.587325326779947,3.618538396801605,2.0,0.0,6.076919394126791
a200040e65ba224c,4717,pedestrian,CV,0.26116313287350046,0.49760284206788935,1.3207242746066603,2.0,0.0,1.176000767637778
a2fd6176c7695739,3687,pedestrian,CV,0.44666533467213493,1.3026220487360678,63.8228246650532,2.0,0.0,4.889117592292829
a2fd6176c7695739,3688,pedestrian,CV,0.2584860891570666,0.24615721168997184,27.723607348329974,2.0,0.0,2.3677450624185514
a2fd6176c7695739,3689,pedestrian,CV,0.6745738639411075,1.5877293707025455,33.85131931128055,2.0,0.0,3.761004514856408
a2fd6176c7695739,3691,pedestrian,CV,0.13924451358035497,0.17524411222963795,40.591223586463414,2.0,0.0,2.8564277490183447
a2fd6176c7695739,3693,pedestrian,CV,0.2778796423355041,0.47293405033422964,26.649309520991295,2.0,0.0,2.446812143552184
a2fd6176c7695739,3695,pedestrian,CV,0.6036259071874749,1.6284181301272094,4.438741946425187,2.0,0.0,2.239772069572339
a2fd6176c7695739,3696,pedestrian,CV,0.23524572039967093,0.295089636982356,0.6024184330535087,2.0,0.0,1.0129114605435243
a2fd6176c7695739,3697,pedestrian,CV,0.7470706549203976,1.7048168060657047,7.067270334066352,2.0,0.0,2.5528425746565673
a2fd6176c7695739,3698,pedestrian,CV,0.030437524283776017,0.05109244865758885,111.78119997770163,2.0,0.0,6.245043747497652
a2fd6176c7695739,3724,pedestrian,CV,1.1945095860115649,1.9822562752460051,5.176071034387097,2.0,0.0,3.0444412753539223
a2fd6176c7695739,3725,pedestrian,CV,1.2187671978647876,2.6535633682396136,20.114787080434056,2.0,0.0,4.151288236006297
a2fd6176c7695739,3743,pedestrian,CV,0.9959173270180137,2.4905040990776146,5.302611865165719,2.0,0.0,3.1062999698151073
a2fd6176c7695739,3746,pedestrian,CV,0.19354818545651203,0.20042505042203707,1.3163781752452774,2.0,0.0,0.9595796194297944
a2fd6176c7695739,3747,pedestrian,CV,0.6118327699609595,0.5773078815997554,24.356889792634433,2.0,998.8,801.7583312003925
a2fd6176c7695739,3798,pedestrian,CV,0.19202956186791337,0.36707012427977737,28.97386230076365,2.0,0.0,2.4242577390459847
a2fd6176c7695739,3799,pedestrian,CV,3.502448235626868,6.677580946656264,2.1003117532709132,2.0,0.0,7.546254296618545
a4956b27f127a67c,5217,cyclist,CV,0.7026146887997133,2.9990314835563447,1.487604667397452,2.0,0.0,2.8765106639477582
a991619cfc4f2216,1956,pedestrian,CV,0.05709256537336425,0.10823167948213092,147.0658551393655,2.0,998.4,806.7845011620827
ae92386e0686d4d6,2732,pedestrian,CV,0.22707421321158644,0.4872378429774592,1.2107091123403624,2.0,0.0,1.1312285903173342
ae92386e0686d4d6,2733,pedestrian,CV,0.24347793476142995,0.4664927082008389,1.56500095857482,2.0,0.0,1.1549743367905903
ae92386e0686d4d6,2735,pedestrian,CV,0.08910084824153153,0.2951455999337024,0.7820374229733011,2.0,0.0,0.8757755193570478
ae92386e0686d4d6,2739,pedestrian,CV,0.08892622381451666,0.18407610960984086,150.2143965423782,2.0,0.0,8.291684105738348
ae92386e0686d4d6,2753,pedestrian,CV,0.30510122699252035,0.6931446861696755,2.532408416651864,2.0,0.0,1.3782939909099512
b065dcb23730589b,8044,cyclist,CV,1.4473319399978553,2.985727054701749,0.39948240853422534,2.0,0.0,3.560169587775441
b5b52effcbc11899,1156,pedestrian,CV,1.665039316366598,3.457594006170995,2.7105716649143727,2.0,998.9,803.2493649026978
b682b4171243133d,1243,pedestrian,CV,0.11097352307169774,0.3687974407977909,0.5530319630420525,2.0,0.0,0.9230238416226958
b6c121ee6748be2e,2728,pedestrian,CV,0.4189788103463917,1.0287909236171313,4.114540027956911,2.0,0.0,1.7391012735528029
b6c121ee6748be2e,2729,pedestrian,CV,0.20460991611946416,0.1033815874462426,2.532124147706191,2.0,0.0,0.982906917227895
bf5644083714297,1974,pedestrian,CV,0.24186095514344003,0.4055493246050166,3.9735186195009238,2.0,0.0,1.2433115484209947
c37fa6a0a21345f3,2925,pedestrian,CV,0.3890580086909153,0.7850554595849986,3.867679770082509,2.0,0.0,1.5749697269875402
c511128eee46dcc1,1009,pedestrian,CV,0.24461794192047367,0.4522813699494436,44.53692667482724,2.0,0.0,3.2976049606365576
c6d3e9d6c619e786,1341,pedestrian,CV,0.9194051368081126,1.9851874462443104,2.2701348239814245,2.0,0.0,2.625505601129339
c92f5e81941151a4,96,pedestrian,CV,0.05594391981022409,0.08428115934169247,216.76127580969217,2.0,0.0,11.536148289965679
c92f5e81941151a4,97,pedestrian,CV,0.07302484935932506,0.13134486414358726,0.3745891497325166,2.0,0.0,0.7574267389177445
c92f5e81941151a4,98,pedestrian,CV,0.14779066742061675,0.2605801432452805,43.35344629553082,2.0,998.3,801.6857530538198
c92f5e81941151a4,99,pedestrian,CV,0.14091238951337787,0.4714982692197731,1.4033499940140945,2.0,0.0,1.0468290238239693
c92f5e81941151a4,103,pedestrian,CV,0.10822467077078589,0.18560972507066364,126.77905812283223,2.0,0.0,7.139982439447729
c92f5e81941151a4,133,pedestrian,CV,0.15415309286753356,0.27108863770834035,1.7691898764835876,2.0,0.0,0.9781569055458831
c92f5e81941151a4,136,pedestrian,CV,2.368139787674685,5.270642222976668,16.898989692202086,2.0,0.0,6.448410383773123
cb481a607e0df310,3462,pedestrian,CV,0.38659546602838274,0.9884099789587306,4.0404681650167955,2.0,0.0,1.6828238637585877
d4940e640de558c5,555,pedestrian,CV,0.331835288957074,0.6560798205612304,2.0334803537695803,2.0,0.0,1.3615492169261683
d53adebfe1178441,590,pedestrian,CV,1.308042841562387,3.0838819160394637,12.735146430493565,2.0,0.0,4.0867411211067965
d84357e99e171a20,57,pedestrian,CV,0.16233316688925598,0.33406705265064296,0.7694295780600118,2.0,0.0,0.967838172117578
e3d1b5e3c9e05d41,1609,pedestrian,CV,0.680705272513337,1.2702965104902635,4.143787433731811,2.0,0.0,2.123042899445059
e3d1b5e3c9e05d41,1610,pedestrian,CV,0.30783491800974944,0.5969140237455122,12.2322030393451,2.0,0.0,1.8179020818497604
e3d1b5e3c9e05d41,1611,pedestrian,CV,0.23420765075639757,0.4164205106542471,24.27310959431075,2.0,0.0,2.2560733857990587
e3d1b5e3c9e05d41,1612,pedestrian,CV,0.3839750894112287,0.7709040493435856,3.1344493461912113,2.0,0.0,1.5261495813925823
e3d1b5e3c9e05d41,1614,pedestrian,CV,0.5033780099206245,0.794950381857171,17.15055695632246,2.0,0.0,2.358381048665333
e3d1b5e3c9e05d41,1615,pedestrian,CV,0.12810051508361656,0.23882916235674642,53.86580161742191,2.0,997.2,801.3008051771332
e3d1b5e3c9e05d41,1616,pedestrian,CV,0.8079232906122951,1.3254571988985733,5.685788777433183,2.0,0.0,2.354941328933241
e3d1b5e3c9e05d41,1622,pedestrian,CV,0.059691631138636916,0.06735544963807172,23.309995516927447,2.0,0.0,1.858869131804045
e9653159c09f5c72,4373,pedestrian,CV,0.6814646677977515,1.5779092368691294,9.16471402216788,2.0,0.0,2.52865498734071
e9653159c09f5c72,4374,pedestrian,CV,0.8232148343611114,1.8743758306723282,8.078501501890178,2.0,0.0,2.7643278247917844
e9653159c09f5c72,4375,pedestrian,CV,0.2758656792529111,0.5966993902699247,3.0938149782416713,2.0,0.0,1.328906123299957
e9653159c09f5c72,4378,pedestrian,CV,0.8082588493084356,1.8866215534656727,12.654403612829656,2.0,0.0,2.9842898066827552
e9653159c09f5c72,4398,pedestrian,CV,0.18148737025448006,0.3337774152355613,0.5421531452554382,2.0,0.0,0.9754837351350326
e9653159c09f5c72,4402,pedestrian,CV,0.1754161330933877,0.18938960918341385,9.167132493922933,2.0,0.0,1.3284675623812414
e9653159c09f5c72,4410,pedestrian,CV,0.5836571802180877,1.498946316713149,7.956379859951926,2.0,0.0,2.3309493315722585
e9653159c09f5c72,4423,pedestrian,CV,0.8083209749003036,1.519036691048322,8.450085277877374,2.0,0.0,2.590343584318333
e9653159c09f5c72,4439,pedestrian,CV,0.3569010076672487,0.9603580678384096,2.4758384292965685,2.0,0.0,1.560871963051282
eb2e689ca1fdb0cf,3190,pedestrian,CV,1.8931893428853848,4.854885120521697,1.593846662652449,2.0,0.0,5.000324236278855
ee5e5fe91cd6c6e7,3039,pedestrian,CV,0.9582766166653065,2.1491302256548757,20.133969193192737,2.0,0.0,3.6395401891523815
ee5e5fe91cd6c6e7,3042,pedestrian,CV,0.148369095285931,0.17142984694683783,30.872268858062544,2.0,996.4,799.4976974616625
ee5e5fe91cd6c6e7,3051,pedestrian,CV,0.28006814176083383,0.6894701148494905,2.836437901442257,2.0,0.0,1.3666250942576919
ee5e5fe91cd6c6e7,3054,pedestrian,CV,0.055369199809903,0.07489517791808077,144.23704105178425,2.0,0.0,7.904668841358156
ee5e5fe91cd6c6e7,3059,pedestrian,CV,0.3175379269809327,0.5488909296109306,272.2440648459642,2.0,0.0,14.804186634084608
ee5e5fe91cd6c6e7,3060,pedestrian,CV,0.20582000747846999,0.5498714021421077,24.778389359755828,2.0,995.9,799.0396751765373
ee5e5fe91cd6c6e7,3091,pedestrian,CV,0.5536727085898084,1.1900773742958597,6.516792441350512,2.0,0.0,2.074551017805264
ee5e5fe91cd6c6e7,3121,pedestrian,CV,0.2552488176402562,0.422140883929318,3.0082285243800078,2.0,0.0,1.2167306858239155
ee5e5fe91cd6c6e7,3127,pedestrian,CV,0.29958084082145847,0.7365407705663258,2.64891214178359,2.0,0.0,1.400296833193801
ee5e5fe91cd6c6e7,3134,pedestrian,CV,0.16719871406201178,0.15810037537347207,23.313850442787633,2.0,0.0,2.0119414238881297
ee5e5fe91cd6c6e7,3138,pedestrian,CV,0.5678492057730922,1.335795651778425,4.963844799103243,2.0,0.0,2.0839392716174667
ee5e5fe91cd6c6e7,3147,pedestrian,CV,0.3543731330770239,0.8796050281457384,1.9539825446564498,2.0,0.0,1.4918747743827154
ee5e5fe91cd6c6e7,3161,pedestrian,CV,0.699722606084715,1.2367985533418715,8.965642735623408,2.0,0.0,2.3664040195368212
ee5e5fe91cd6c6e7,3190,pedestrian,CV,0.6926686369511711,1.4129784554337894,3.375400929383037,2.0,0.0,2.167927911137218
ee5e5fe91cd6c6e7,3194,pedestrian,CV,0.2411352820411107,0.6187976657950048,2.916687583401913,2.0,0.0,1.2963684941087088
ef30c381751c832,3024,pedestrian,CV,0.21846394224385426,0.36537885224652505,2.387326974627657,2.0,0.0,1.1205197170984995
ef30c381751c832,3035,pedestrian,CV,0.310183837046344,0.7311335562038077,3.5136700495721995,2.0,0.0,1.451434117626858
ef30c381751c832,3046,pedestrian,CV,0.997261455389592,2.4027479173610238,19.434466730589325,2.0,0.0,3.7703587505995704
f21c5ea7c094490b,1101,pedestrian,CV,0.03179839774994788,0.06905668875236458,119.48365871167078,2.0,0.0,6.6405096777096695
f21c5ea7c094490b,1102,pedestrian,CV,0.0768019044971895,0.11917551622804681,131.4118492595274,2.0,0.0,7.3069821255875835
f21c5ea7c094490b,1103,pedestrian,CV,0.14436514215905086,0.1945762974968663,21.55960883385619,2.0,0.0,1.9196337326002935
140117c81b4ef9fb,3052,pedestrian,KF,0.5985261141894991,0.84840152366163,3.697533387720544,4.500544100555659,0.0,2.5577667755730387
140117c81b4ef9fb,4621,cyclist,KF,0.03712566233273045,0.06543772106502954,48.826569680754126,4.500544100555659,998.6,802.7413362370697
140117c81b4ef9fb,4622,cyclist,KF,0.521078694442588,0.8736246210546099,1.405464064254636,4.500544100555659,0.0,2.3783274383493223
140117c81b4ef9fb,4623,cyclist,KF,1.7460195574254715,3.0019000827848457,1.3787061440961312,4.500544100555659,0.0,4.6660681361893985
16a8cd972084277a,4992,pedestrian,KF,3.653349984860494,7.065015433019391,2.7767932299381823,4.500544100555655,0.0,8.674860593033793
1870b2208fe4ade9,64,pedestrian,KF,0.4291340172625915,0.7995901825937005,33.86330448541026,4.500544100555656,0.0,3.8722575629966514
1870b2208fe4ade9,65,pedestrian,KF,0.13119607552810725,0.2518419557597187,7.269080064475322,4.500544100555656,0.0,1.9707342867984294
1870b2208fe4ade9,66,pedestrian,KF,0.2551029913815724,0.4011748235583304,133.71495278250686,4.500544100555656,0.0,8.491601272452778
1870b2208fe4ade9,71,pedestrian,KF,1.5669916809852098,2.632549160854628,16.46109909805266,4.500544100555656,0.0,5.0564844464818535
1870b2208fe4ade9,141,cyclist,KF,4.585508791540534,8.772683175615626,9.073884021439437,4.500544100555656,0.0,10.775707810587015
1870b2208fe4ade9,142,cyclist,KF,2.7500648723480676,5.8156832095403574,1.256592081281546,4.500544100555656,0.0,7.07089931134902
1e41e4f90a5cae0a,424,pedestrian,KF,0.694653876432337,1.3181097282704584,1.0271692419381546,4.501143445218892,0.0,2.755410236230141
1e41e4f90a5cae0a,566,cyclist,KF,1.6365071664370276,4.587880986282703,8.172082479086702,4.499545192109956,0.0,5.688915341165701
27384099b57a800b,5490,pedestrian,KF,0.44300292774867356,0.8784916696384844,0.23714427785411785,4.500544100555659,0.0,2.244269206627319
27384099b57a800b,5491,pedestrian,KF,0.1495444502467944,0.266896925966136,29.119767214166444,4.500544100555659,998.8,802.1291445041048
27384099b57a800b,5492,pedestrian,KF,1.5999319256071827,3.058764023223245,4.172327345190287,4.500544100555659,0.0,4.688093534645017
27384099b57a800b,5493,pedestrian,KF,0.7643522736947294,1.8685316175499662,1.20711011839266,4.500544100555659,0.0,3.109136818556043
2d84b1ab55ab81d3,1529,pedestrian,KF,0.0339827293939526,0.046678541452935006,23.02690794231336,4.501143445218891,997.8,800.7990104308018
2d84b1ab55ab81d3,1551,pedestrian,KF,2.216774062926948,4.213384824346077,7.469537545168473,4.501143445218891,0.0,6.047286385924077
2d84b1ab55ab81d3,1621,cyclist,KF,5.367555471799436,12.585740154849539,166.82472907301516,4.501143445218891,0.0,21.352005036440634
2db20518212cdfeb,5560,pedestrian,KF,2.5910346738352636,6.077095212741092,24.629658863665995,4.50114344521889,0.0,8.211408256954776
32275d7231509117,760,pedestrian,KF,0.6708264084934732,1.3585659477042513,0.6437277120041428,4.500743882139293,0.0,2.732518932587594
3a0389c235a0eaa1,1156,pedestrian,KF,0.5821771410550552,1.2281460961783435,4.643395027820636,4.500743882139295,0.0,2.7786431051770473
3a79684106fe2fdf,1514,pedestrian,KF,0.2906911477557273,0.45915544585637996,0.2873958155849021,4.500344318939825,0.0,1.8847419571451098
3a79684106fe2fdf,1515,pedestrian,KF,2.987041585931648,6.591581881080042,17.630898192121645,4.500344318939825,0.0,8.514480731759699
3b523aceb232aa6f,6911,pedestrian,KF,0.5589715681661853,0.8413370862614353,3.9392638403835143,4.501143445218891,0.0,2.526946336881746
3b523aceb232aa6f,6942,pedestrian,KF,0.3132043041721994,0.7040111414170717,3.1516928208003527,4.501143445218891,0.0,2.17313754948642
3b523aceb232aa6f,6994,cyclist,KF,0.5120433625667716,1.966783560948323,2.613528771072622,4.500743882139295,0.0,2.9763347462363527
45856054906e76f1,243,cyclist,KF,2.066020938690629,3.9439329535578573,0.23799058290093228,4.4993454102996875,0.0,5.399690567704511
4f4bbc55ef30c3ea,1467,pedestrian,KF,0.3415394118200844,0.5937834569463032,175.33084042035668,4.501143445218891,994.1,806.0353161948768
4f4bbc55ef30c3ea,1468,pedestrian,KF,0.39024713418535506,0.7335005462183222,0.9136506138974605,4.501143445218891,0.0,2.1530229715550564
4f7aa8ac2ff60093,3478,pedestrian,KF,0.3519106261324971,0.5794331754824877,3.5716011477547256,4.501942571089675,0.0,2.1707900425883793
4f7aa8ac2ff60093,3482,pedestrian,KF,0.26016394383295827,0.6561613379003312,2.17393945991775,4.501942571089675,0.0,2.047524357105914
4f7aa8ac2ff60093,3491,pedestrian,KF,0.3684775489949238,1.1083550616636735,2.8438180402520405,4.501942571089675,0.0,2.415428753166265
4f7aa8ac2ff60093,3527,pedestrian,KF,1.0528646570052709,1.9483160355177696,5.745615279988297,4.501942571089675,0.0,3.664886210090473
4f7aa8ac2ff60093,3534,pedestrian,KF,1.6726798069530435,3.3512474146337405,4.113129597312056,4.501942571089675,0.0,4.904542765462419
4f7aa8ac2ff60093,3541,pedestrian,KF,0.36057871846966505,0.5879547006503416,3.1288713268708417,4.501942571089675,0.0,2.16158240646528
4f7aa8ac2ff60093,3545,pedestrian,KF,0.48770737899638716,0.5725478082610977,15.86448523129804,4.501942571089675,0.0,2.917788316018741
4f7aa8ac2ff60093,3548,pedestrian,KF,0.818401209801131,1.3344008971678092,2.325758306756809,4.501942571089675,0.0,2.9524723450497783
4f7aa8ac2ff60093,3557,pedestrian,KF,0.38932777809856667,0.720976232491197,2.700927838651205,4.501942571089675,0.0,2.235445057603628
4f7aa8ac2ff60093,3569,pedestrian,KF,0.24507618324032127,0.3890650227914307,3.807350544317468,4.501942571089675,998.9,801.1005589931788
4f7aa8ac2ff60093,3579,pedestrian,KF,0.3958426020977464,0.9289938499559895,0.8593218155253193,4.501942571089675,0.0,2.2538883891789094
4f7aa8ac2ff60093,3590,pedestrian,KF,0.4777550953877037,1.1691316369218012,4.131790141629317,4.500544100555649,0.0,2.6190736510967647
5d6f6adb8f60a8e,4292,pedestrian,KF,0.3943226647002622,0.7513608723796067,1.4011451711174236,4.500344318939825,0.0,2.1901636551278845
5d6f6adb8f60a8e,4294,pedestrian,KF,0.5457095468688378,0.9617571666072482,0.8537077292461567,4.500344318939825,0.0,2.419376812316717
66d2f8859f26c401,1629,pedestrian,KF,0.02225120668662834,0.045288799638238814,96.07535256607203,4.500544100555659,0.0,6.1988264649760465
66d2f8859f26c401,1630,pedestrian,KF,0.04043364736445779,0.06932951017910939,60.32980544312963,4.500544100555659,997.8,802.6817519047772
66d2f8859f26c401,1631,pedestrian,KF,0.03714584045216874,0.03898142221718652,52.367014643231904,4.500544100555659,0.0,4.025150513889055
66d2f8859f26c401,1632,pedestrian,KF,0.02851687560601365,0.06604683546663134,15.060814859775057,4.500544100555659,0.0,2.16474426649478
66d2f8859f26c401,1634,pedestrian,KF,0.44344826023828043,1.5694794377332475,1.7041689959046697,4.500544100555659,0.0,2.663559659066835
66d2f8859f26c401,1665,pedestrian,KF,0.04640501360886873,0.07316701516635518,211.4285501082105,4.500544100555659,0.0,12.004579256769269
66d2f8859f26c401,1679,pedestrian,KF,2.045260590034804,4.731245909270592,27.419015580537593,4.500544100555654,0.0,7.131997553863675
6ea1530b289aec91,1276,pedestrian,KF,0.43344774931774244,0.728675049632782,0.8116667242734718,4.501143445218891,0.0,2.188711643913474
6ea1530b289aec91,1277,pedestrian,KF,0.8389703807671465,1.8006843909459187,2.6265090113629173,4.501143445218891,0.0,3.220981060373919
722e894fd915b4eb,1025,pedestrian,KF,0.25236550211202635,0.5132808728657652,53.67989577435164,4.501143445218891,0.0,4.543343760828158
734c57bbbf191450,2186,pedestrian,KF,0.5203249169537973,0.9190378516128406,1.420113017923559,4.501343226719302,0.0,2.401252461672186
750f17fb3ac9783d,2355,pedestrian,KF,0.6224080256698209,1.2234494948652854,1.12379123176429,4.501143445218891,0.0,2.6406653682563452
750f17fb3ac9783d,2385,cyclist,KF,3.644796498232614,7.622489863625064,9.523747214357552,4.501143445218891,0.0,9.282571824328691
7a877066976dde0,1826,pedestrian,KF,1.3724823731701665,3.6324384033115846,9.557863276141113,4.500544100555659,0.0,5.016757968799713
7fcb65089a2bb672,2629,pedestrian,KF,2.4705302107156872,6.947520224334426,13.632643628621418,4.501143445218891,0.0,7.976265537879637
7fcb65089a2bb672,2630,pedestrian,KF,0.5156183462413645,1.0416076535004104,3.3785783116317964,4.501143445218891,0.0,2.555694122138827
7fcb65089a2bb672,2631,pedestrian,KF,0.8218249342745352,1.2357385944269355,1.9129022684560115,4.501143445218891,0.0,2.8856823784764707
7fcb65089a2bb672,2633,pedestrian,KF,0.18693037617131225,0.3481298194086274,20.287544034322945,4.501143445218891,0.0,2.7257155211574404
7fcb65089a2bb672,2636,pedestrian,KF,1.8767983661137464,4.245147597976862,32.57019474368388,4.501143445218891,0.0,6.9782249358520385
8e8052b4f96b2199,310,pedestrian,KF,1.9415949386353315,5.194867102042671,1.2320153207832754,4.500544100555659,0.0,5.950792485862529
914f16ffef6529c5,108,pedestrian,KF,0.06802067013605594,0.14036750820124677,69.31305862150792,4.500544100555659,0.0,4.954020585478773
914f16ffef6529c5,116,pedestrian,KF,0.46967994340283964,0.8879089676685782,14.917049750941793,4.500544100555659,0.0,3.009650144950916
91ae85924f2177b3,216,pedestrian,KF,2.248745060048986,5.97766531393855,23.622461483688543,4.500544100555659,0.0,7.768864021369386
9646b687f1411768,3338,pedestrian,KF,0.867064674376438,1.838129785941683,11.558686389121766,4.500544100555659,0.0,3.7142271169700654
9646b687f1411768,3340,pedestrian,KF,0.6988145490740741,1.7460601820987283,8.801532798546953,4.500544100555656,0.0,3.362084510217483
a067a3788873f5be,4821,pedestrian,KF,0.7849893309197509,0.883005434546287,2.954313230111109,4.500344318939825,0.0,2.7243110053803976
a067a3788873f5be,4835,pedestrian,KF,2.5410556637511856,5.533628538583335,8.252258488958303,4.499744973876861,0.0,7.070406349653826
a067a3788873f5be,5049,cyclist,KF,4.269654899789787,9.328552321377302,12.194117938513914,4.500544100555656,0.0,10.89380018757083
a149237c0d9c27ea,1949,cyclist,KF,3.106581665317516,6.697769139802106,3.3885893648824172,4.501143445218891,0.0,7.9752387370283575
a200040e65ba224c,4717,pedestrian,KF,0.29067642147897904,0.8429000030629308,1.260578098395381,4.496948024380322,0.0,2.12423973524431
a2fd6176c7695739,3687,pedestrian,KF,0.403891600862256,1.2229001508316633,34.32121685855515,4.498746064586429,0.0,4.081026338581774
a2fd6176c7695739,3688,pedestrian,KF,0.25400712325543534,0.2275842178887833,30.087611582465776,4.498746064586429,0.0,3.2218036306990445
a2fd6176c7695739,3689,pedestrian,KF,0.7203012006443178,1.6756595796526113,38.73656123366061,4.498746064586429,0.0,4.844582871529583
a2fd6176c7695739,3691,pedestrian,KF,0.174274506857774,0.23562010484245582,49.254612955039505,4.498746064586429,0.0,4.104439026406906
a2fd6176c7695739,3693,pedestrian,KF,0.3832082702883177,0.6974799243091215,35.60454536153386,4.498746064586429,0.0,3.8617993198955003
a2fd6176c7695739,3695,pedestrian,KF,0.6502542310101131,1.242694177276748,4.504463861769849,4.498746064586429,0.0,2.8464483321129084
a2fd6176c7695739,3696,pedestrian,KF,0.22805951556647044,0.561798999722047,0.6490605557329383,4.498746064586429,0.0,1.8910358625900696
a2fd6176c7695739,3697,pedestrian,KF,0.8105759874289888,1.7266745690336722,7.242103131986685,4.498746064586429,0.0,3.385642247921088
a2fd6176c7695739,3698,pedestrian,KF,0.027306394344106418,0.04046828328389084,130.59201550027012,4.498746064586429,0.0,7.926765130375486
a2fd6176c7695739,3724,pedestrian,KF,0.6552626117314644,1.2412926271148994,4.981236326364506,4.498746064586429,0.0,2.874594560983068
a2fd6176c7695739,3725,pedestrian,KF,1.2703470552895004,2.6835369078143816,20.597597618092454,4.498746064586429,0.0,4.991619209477243
a2fd6176c7695739,3743,pedestrian,KF,0.7924669092474851,1.9408266024197445,5.953893000871732,4.498746064586429,0.0,3.4101986798768724
a2fd6176c7695739,3746,pedestrian,KF,0.5230933303482077,0.803179442532492,1.4865544823891128,4.498746064586429,0.0,2.348634595109838
a2fd6176c7695739,3747,pedestrian,KF,0.602479362105685,0.43968279992111653,22.775512668051025,4.498746064586429,998.8,802.3507202148447
a2fd6176c7695739,3798,pedestrian,KF,0.40576399669497804,0.8104977446039359,26.503308380706606,4.490754719549029,0.0,3.4834047038969853
a2fd6176c7695739,3799,pedestrian,KF,2.581853257039939,4.719091045056485,7.8877147263905805,4.490554933601087,0.0,6.682950995968037
a4956b27f127a67c,5217,cyclist,KF,1.068734941174446,3.8969017747228145,1.4905964135062428,4.500743882139295,0.0,4.441938813852953
a991619cfc4f2216,1956,pedestrian,KF,0.025136228218379585,0.04555037126403401,209.19064097729125,4.501143445218891,998.4,810.5777864962806
ae92386e0686d4d6,2732,pedestrian,KF,0.7122887513397411,1.233811564654326,1.2614100293676223,4.500743882139295,0.0,2.742488199777074
ae92386e0686d4d6,2733,pedestrian,KF,0.36688257035785277,0.5495301796258976,1.8337117116385968,4.500743882139295,0.0,2.08355641039452
ae92386e0686d4d6,2735,pedestrian,KF,0.41227822684181903,0.9468524924242777,0.5265623888202333,4.500743882139295,0.0,2.262255757136758
ae92386e0686d4d6,2739,pedestrian,KF,0.06687200607922271,0.14697535251057953,159.18606017683223,4.500743882139295,0.0,9.449885855817913
ae92386e0686d4d6,2753,pedestrian,KF,0.6088163476592696,1.1740431410547476,2.510471219954382,4.500743882139295,0.0,2.671584643826151
b065dcb23730589b,8044,cyclist,KF,0.31145922486683963,0.7375522073048698,0.4517645511504009,4.500544100555659,0.0,2.0529867862434923
b5b52effcbc11899,1156,pedestrian,KF,1.3947218064783364,2.794252225010549,3.4538514580068544,4.500544100555659,0.1,4.394703722050651
b682b4171243133d,1243,pedestrian,KF,0.8378417817961378,1.436271191902597,1.0529420103125193,4.501343226719302,0.0,2.959027446278853
b6c121ee6748be2e,2728,pedestrian,KF,0.557595037750048,1.1677713100016138,4.3823866212253515,4.501143445218891,0.0,2.71094305737779
b6c121ee6748be2e,2729,pedestrian,KF,0.5143797427088621,0.7414480023061746,2.657355203649965,4.501143445218891,0.0,2.368314537610115
bf5644083714297,1974,pedestrian,KF,0.2934113230057451,0.4074459937811262,3.468050609746837,4.492153217312462,0.0,2.0181828155773887
c37fa6a0a21345f3,2925,pedestrian,KF,0.41353626549134165,0.7867299419878075,4.087248994703702,4.501143445218895,0.0,2.3616067197860993
c511128eee46dcc1,1009,pedestrian,KF,0.1703576313989644,0.2987730773064672,46.49517073591842,4.500544100555656,0.0,3.9946659370148163
c6d3e9d6c619e786,1341,pedestrian,KF,0.7409326666788425,1.638123147400279,2.9040793281498263,4.500544100555659,0.0,3.055361436953171
c92f5e81941151a4,96,pedestrian,KF,0.011718034663172141,0.02011135782045276,76.42255528363168,4.500544100555659,0.0,5.19306470792168
c92f5e81941151a4,97,pedestrian,KF,0.4468600454096571,0.632947130033385,0.3545116402250021,4.500544100555659,0.0,2.131222422604297
c92f5e81941151a4,98,pedestrian,KF,0.13960203032558896,0.23093709774276647,46.78237839598003,4.500544100555659,998.3,802.5843527291627
c92f5e81941151a4,99,pedestrian,KF,0.44341719131797064,0.7166243225464316,1.5509541645288523,4.500544100555659,0.0,2.2294402909843267
c92f5e81941151a4,103,pedestrian,KF,0.06487003266423683,0.10227369466721078,121.84997284702486,4.500544100555659,0.0,7.558668752515783
c92f5e81941151a4,133,pedestrian,KF,0.47101937559701135,0.9124511557149005,1.5187412158921358,4.500743882139295,0.0,2.3534051788908568
c92f5e81941151a4,136,pedestrian,KF,2.5154884650906952,5.520876895853056,19.846777783856247,4.500544100555659,0.0,7.618429032376732
cb481a607e0df310,3462,pedestrian,KF,0.6127106943887377,1.3236704429874862,4.096803073944355,4.500943663692962,0.0,2.8296691686875874
d4940e640de558c5,555,pedestrian,KF,0.3292279229633821,0.6490786986053885,2.105057199154638,4.501143445218891,0.0,2.1093631657894756
d53adebfe1178441,590,pedestrian,KF,1.3938119040010886,3.0778066167469564,13.423240854665028,4.500943663692962,0.0,4.954160354215707
d84357e99e171a20,57,pedestrian,KF,0.5849177993890378,1.157660628322749,0.4823658286827168,4.500544100555659,0.0,2.5380296351512452
e3d1b5e3c9e05d41,1609,pedestrian,KF,0.7691064446164532,1.4448208944343985,3.982085370756246,4.501143445218891,0.0,3.040964193937132
e3d1b5e3c9e05d41,1610,pedestrian,KF,0.14720263186231303,0.29311749446395646,13.852232658389969,4.500943663692962,0.0,2.3366561111216786
e3d1b5e3c9e05d41,1611,pedestrian,KF,0.09549244490243439,0.21996195738731802,197.0771211313709,4.500943663692962,0.0,11.409612579272528
e3d1b5e3c9e05d41,1612,pedestrian,KF,0.3413335006449719,0.6676567165973105,5.118223452599285,4.500943663692962,0.0,2.2813561306814805
e3d1b5e3c9e05d41,1614,pedestrian,KF,0.6138415387260096,1.1110177172825522,20.014021614686058,4.501143445218891,0.0,3.5203945116672557
e3d1b5e3c9e05d41,1615,pedestrian,KF,0.08804195540754053,0.1554113154070101,61.248367917384165,4.500943663692962,997.2,802.3384491080883
e3d1b5e3c9e05d41,1616,pedestrian,KF,0.6283512022533775,0.9370880978324999,6.863311099312864,4.500943663692962,0.0,2.7903439052431596
e3d1b5e3c9e05d41,1622,pedestrian,KF,0.05438943934335331,0.02409367223417744,16.263270941916854,4.500344318939825,0.0,2.2297031182382323
e9653159c09f5c72,4373,pedestrian,KF,0.6844840255086111,1.4468492202049519,9.190561790072094,4.498945846540165,0.0,3.2171204790767414
e9653159c09f5c72,4374,pedestrian,KF,0.9143506915194028,1.9126578971802175,8.205431944747033,4.498945846540165,0.0,3.630634991308913
e9653159c09f5c72,4375,pedestrian,KF,0.5466087853711592,0.9654820121438625,3.378127389356613,4.498945846540165,0.0,2.5479399148729707
e9653159c09f5c72,4378,pedestrian,KF,0.7364806498057089,1.691271149359032,13.081301689834875,4.498945846540165,0.0,3.585865062939018
e9653159c09f5c72,4398,pedestrian,KF,0.2702477016084888,0.5542785310337771,0.576313952598519,4.498945846540165,0.0,1.9258864187173528
e9653159c09f5c72,4402,pedestrian,KF,0.1650521310558465,0.1671996876415061,9.121485745822076,4.498746064586429,0.0,2.054350081543632
e9653159c09f5c72,4410,pedestrian,KF,0.6563201158647485,1.5239040864354227,8.317488257197926,4.498945846540165,0.0,3.1838303259044056
e9653159c09f5c72,4423,pedestrian,KF,0.984397702933769,1.7401781464274644,8.050927342104508,4.498945846540165,0.0,3.6067168972147763
e9653159c09f5c72,4439,pedestrian,KF,0.8289454861110225,1.8145046274256318,3.3398728434219604,4.498945846540163,0.0,3.2528751959569853
eb2e689ca1fdb0cf,3190,pedestrian,KF,1.312660378550224,3.5341642820952717,1.6578099719737611,4.4851606506073605,0.0,4.508181213378756
ee5e5fe91cd6c6e7,3039,pedestrian,KF,1.0770107119583876,2.431105524537075,21.06782745639344,4.483762109943767,0.0,4.691083480029727
ee5e5fe91cd6c6e7,3042,pedestrian,KF,0.08588132143110604,0.04105494330960381,33.097157328106526,4.483762109943767,996.4,800.2263952924744
ee5e5fe91cd6c6e7,3051,pedestrian,KF,0.3081765537885711,0.7349896235835954,2.872234405537092,4.484561277328521,0.0,2.1646514690557797
ee5e5fe91cd6c6e7,3054,pedestrian,KF,0.11900466994511116,0.16487194428822555,186.26426805368206,4.483762109943767,0.0,10.859782677756458
ee5e5fe91cd6c6e7,3059,pedestrian,KF,0.2724920011120157,0.4583697283484421,271.23309567518254,4.483762109943767,0.0,15.408460282028495
ee5e5fe91cd6c6e7,3060,pedestrian,KF,0.11797004500797019,0.3596587462683226,24.80452692435139,4.483762109943767,995.9,799.6031543973429
ee5e5fe91cd6c6e7,3091,pedestrian,KF,0.7282141415751553,1.3537785575906487,6.12207398854608,4.483762109943767,0.0,3.056335752780914
ee5e5fe91cd6c6e7,3121,pedestrian,KF,0.33442182127860887,0.6557207893171687,2.4565634944549917,4.485160650607361,0.0,2.130658585842151
ee5e5fe91cd6c6e7,3127,pedestrian,KF,0.18448212760477975,0.07205108154974191,1.1250207265276844,4.486159601953945,0.0,1.6226065852922185
ee5e5fe91cd6c6e7,3134,pedestrian,KF,0.09912571732394936,0.22616458225966876,22.677638396767247,4.487558125678282,0.0,2.6923573659956306
ee5e5fe91cd6c6e7,3138,pedestrian,KF,0.5286566951489325,1.2027993962727255,5.1546288552302055,4.4877579140446615,0.0,2.734115210260204
ee5e5fe91cd6c6e7,3147,pedestrian,KF,0.17955598066018044,0.38474111529601035,2.077808631356716,4.489755788334884,0.0,1.8227437063764866
ee5e5fe91cd6c6e7,3161,pedestrian,KF,0.6507635919241794,1.1019275612944577,8.979823935170927,4.491354076544811,0.0,2.998124792293398
ee5e5fe91cd6c6e7,3190,pedestrian,KF,0.834132009680862,1.6885979371518114,4.40093793766,4.496748241802658,0.0,3.247502347680565
ee5e5fe91cd6c6e7,3194,pedestrian,KF,0.40486724556232545,0.7996853101124365,2.7640304781867484,4.497547371687307,0.0,2.292175636034073
ef30c381751c832,3024,pedestrian,KF,0.4781033794868936,0.8865024381414675,2.1809131509739426,4.500544100555659,0.0,2.380563486273022
ef30c381751c832,3035,pedestrian,KF,0.47236721139635357,0.895513936434442,3.2109452281746496,4.500544100555659,0.0,2.4308346711890048
ef30c381751c832,3046,pedestrian,KF,0.8349485937304619,1.9737048373260049,19.40047471996932,4.500544100555659,0.0,4.141987978558628
f21c5ea7c094490b,1101,pedestrian,KF,0.030425590473110907,0.07467466902280394,121.67660679884459,4.500544100555659,0.0,7.50175649509344
f21c5ea7c094490b,1102,pedestrian,KF,0.04826279307694976,0.05472478766018632,190.53394979858254,4.501143445218891,0.0,10.952665710401838
f21c5ea7c094490b,1103,pedestrian,KF,0.09396208463471221,0.10051571808107125,16.751247867656442,4.500544100555659,0.0,2.3319455672247673
